,coef,std_err,z,pval,ci_lower,ci_upper
const,2.352297627653597,3.740234535207181,0.6289171455723425,0.529403300593124,-4.978427355085387,9.68302261039258
second_hand_arms_tiv_lag,-0.0009731636232786936,0.002889925273336063,-0.3367435249131186,0.7363102494974025,-0.0066373130770294485,0.004690985830472062
new_arms_tiv_lag,0.00039252192022683305,0.00017009608092062695,2.307648230943064,0.02101870961576573,5.9139727710993614e-05,0.0007259041127426725
gov_effect,0.06450732693812458,0.31188097328092884,0.206833159007809,0.8361401589082907,-0.5467681481557949,0.675782802032044
log_gdp_pc,0.019734582816273355,0.20964385280214184,0.09413384915654315,0.9250028320158823,-0.3911598182561411,0.43062898388868787
log_pop,-0.2541920249752366,0.15902126578365275,-1.5984781892068634,0.10993659566109404,-0.5658679786871676,0.057483928736694445
